time,mu,u,pulse_perc,sp,time_0.0,time_0.5,time_1.0,time_1.5,time_2.0,time_2.5,time_3.0,time_3.5,time_4.0,time_4.5,time_5.0,time_5.5,time_6.0,time_6.5,time_7.0,time_7.5,time_8.0,time_8.5,time_9.0,time_9.5
21.391111111111112,0.16288818324254656,0.1,10.0,0.12,NaN,NaN,NaN,NaN,NaN,NaN,NaN,NaN,NaN,NaN,NaN,NaN,NaN,NaN,NaN,NaN,NaN,NaN,NaN,NaN
21.391111111111112,0.16288818324254656,1.3140066036718328e-05,0.0013,0.12,1.3140066036718328e-05,3.041291356349488e-05,5.341481777050126e-07,2.4278317138225305e-05,1.3939651151119637e-06,0.0016615666092134442,0.009353891840268223,0.010373063042393552,0.00893880402921235,0.009578462442898292,0.04793865997072825,0.05,0.05,0.05000045416889349,0.05,0.05,0.05,0.04999487632518023,0.04983556419750142
21.894444444444446,0.15876191082712668,2.8893336034903992e-08,0.0,0.12,2.8893336034903992e-08,5.341481777050126e-07,7.387751543478553e-06,1.8457073398944518e-07,2.255853545344373e-06,7.177819277051186e-05,0.01043729380762248,0.009646517805439394,0.0020910456443420716,0.046728548352910584,0.049884601312155975,0.05,0.05000045416889349,0.05,0.050000229685300754,0.05,0.04999487632518023,0.04983556419750142,0.04983547413456738
22.395833333333332,0.1640157627911096,5.341481777050126e-07,0.0,0.12,5.341481777050126e-07,8.444633046504098e-05,1.8457073398944518e-07,4.1677259028624987e-05,0.00037995732336034723,0.009703333914755521,0.010336644198066037,0.009654607762061668,0.0036104661672231217,0.03504377294771959,0.04802012171994769,0.05000045416889349,0.05,0.05000352286503659,0.05,0.04999487632518023,0.049889475702022276,0.049860388247709775,0.04983105081070967
22.897777777777776,0.16743967436413215,3.7606013037740947e-06,0.0003,0.12,3.7606013037740947e-06,1.8457073398944518e-07,3.767963106485401e-05,0.00014625719054498745,0.013382967808927039,0.005350029010064707,0.011354625169582834,0.007305049435714078,0.009351856304998267,0.04062965086667841,0.049487360894883155,0.05000988879667508,0.05000352286503659,0.05,0.04999487632518023,0.049889475702022276,0.04986019979186019,0.04983105081070967,0.049823163645553184
23.400555555555556,0.1747851601601846,1.8457073398944518e-07,0.0,0.12,1.8457073398944518e-07,0.00021106822313499298,0.0005376640330444387,0.012237224681127479,0.007628830344692569,0.009626120275595628,0.003895648051687074,0.009095759644885269,0.039591783542741926,0.04879748869848216,0.0495724150955041,0.04999407243022839,0.05001262592272254,0.04999377087612412,0.04988888802250569,0.04985982255378726,0.04982720277036341,0.049823163645553184,0.049422831869919935
23.9075,0.16894204517880937,0.0003049523582229274,0.0304,0.12,0.0003049523582229274,0.0008695806393261864,0.022507471969663302,0.0025973568305173167,0.013304225347665831,0.00818682187451105,0.011113531167511693,0.00515858709200483,0.009309578457292939,0.030712109001335895,0.04897396833040375,0.05001290586253592,0.04999377087612412,0.04988692844381213,0.04985982255378726,0.04982720277036341,0.049823163645553184,0.049422831869919935,0.04942459754900855
24.409444444444443,0.1622660887871704,0.0007464203337721513,0.0746,0.12,0.0007464203337721513,0.01642071647026623,0.008709138382340996,0.010071879630559154,0.00629921780170748,0.011208544116212766,0.012454409309840868,8.949635647876667e-05,0.009172878027747676,0.045902385724413346,0.04978158896070938,0.04999377087612412,0.04988692844381213,0.04985979444508041,0.04982720277036341,0.049823163645553184,0.049422831869919935,0.04942459754900855,0.04942675212187048
24.910555555555554,0.17256142477026068,0.012944175871070114,1.2944,0.12,0.012944175871070114,0.00778260110547713,0.009843712303893666,0.009671589877990563,0.010356999925161259,0.009786784422190893,7.958924325418015e-05,0.008985715083860502,0.045275216735247724,0.049380702829889156,0.04996198037531956,0.04988671648556949,0.049859896305861975,0.04982720277036341,0.04982330285873813,0.049418736992592596,0.04942141400232686,0.049426722229971916,0.04941482851583634
25.414166666666667,0.15602664442356642,0.01730098049573425,1.73,0.12,0.01730098049573425,0.004206931991939491,0.017628762117124597,0.007971408516697398,0.009930918823342188,5.4551382733162966e-05,0.028677399167008722,0.0027573257939009963,0.009375612527931166,0.026095786883503287,0.048333844133186844,0.0498573524533906,0.04982661445274881,0.04982330285873813,0.049418736992592596,0.04942141400232686,0.049426232324759185,0.04941482851583634,0.049414669913958494
25.91638888888889,0.16031955267319556,0.004365788181980368,0.4365,0.12,0.004365788181980368,0.01699405779135177,0.007309766613644061,0.01049904328122729,5.317436401041996e-05,0.02832666803153545,0.0022000503232266506,0.009226715612350606,0.02482218799347633,0.04817672208341896,0.04984641069369106,0.04982661445274881,0.04982330285873813,0.049418736992592596,0.04942141400232686,0.049426232324759185,0.04941482851583634,0.049414669913958494,0.04941046846689644
26.418333333333333,0.14257491770210923,0.03925394634943814,3.9253,0.12,0.03925394634943814,0.007746914730167988,0.009554157038218207,0.007854680673024876,0.013249053886171359,0.011449068424893754,0.012232957342749736,3.3122011344755307e-14,0.009361153796740584,0.0321433959165703,0.04881473167751696,0.04982503421103514,0.049418707167685164,0.049420858997411846,0.049426740367452156,0.04941465516493458,0.049414669913958494,0.04941046846689644,0.04938305289932147
26.923055555555557,0.14441363951858605,0.0062173529365254126,0.6217,0.12,0.0062173529365254126,0.00926387726777666,0.00788505702827338,0.011525689440873064,0.009263016092808015,0.010583374797368959,3.3122011344755307e-14,0.008987307901684314,0.030995569967663852,0.048585610387697285,0.049808311552076476,0.049418707167685164,0.049419756967037314,0.049426740367452156,0.04941465516493458,0.04941422998251342,0.04941046846689644,0.04938305289932147,0.04938752897033481
27.426111111111112,0.12614206243207204,0.014644088390898622,1.4644,0.12,0.014644088390898622,0.0066458728563413,0.011068857277375856,0.010038909502444945,0.0126647852808404,3.3122011344755307e-14,0.010780588546234055,0.00045622969515958403,0.0397843031984999,0.04433318957220709,0.049033577185634246,0.049419756967037314,0.049426740367452156,0.0494131173128567,0.04941422998251342,0.04941046846689644,0.04938305289932147,0.04938761231283984,0.04938745503513876
27.927777777777777,0.12744178189703853,0.00012607508547923097,0.0126,0.12,0.00012607508547923097,0.010922430558150327,0.011944789090215036,0.00986329084252464,3.3122011344755307e-14,0.015847807581741535,0.008887638408172407,0.009647605738909408,0.0013379963693901018,0.03356621553218758,0.04846175155491288,0.04942338210063889,0.04941324202602201,0.04941422998251342,0.04941043135681673,0.04938305289932147,0.049387640111710936,0.04938479410487058,0.04936597944676742
28.43166666666667,0.11828735907324495,0.011530321107173579,1.153,0.12,0.011530321107173579,0.011577254875329714,0.00977491495991101,3.3122011344755307e-14,0.015318334849116887,0.007064740638487465,0.00972710624366512,0.0007474708349032021,0.03228367004805017,0.04814987846759127,0.04939934882052816,0.04941189681846859,0.04941395278663986,0.049410518484042765,0.04938305289932147,0.049387640111710936,0.04938479410487058,0.04936597944676742,0.0493668531805316
28.9325,0.11320129126254624,0.009631899730787324,0.9631,0.12,0.009631899730787324,0.013390793613071479,3.3122011344755307e-14,0.013139465171535065,0.009347690375192475,0.009912329002537532,0.009204349081043832,0.009707749469601255,0.009683568682526258,0.008945560220783712,0.04789845009276847,0.04941393532564898,0.04940846118023196,0.04938300778828637,0.049386839854152084,0.049384270397787366,0.04936603023617562,0.04936684975291988,0.04937081084054803
29.436666666666667,0.12923435760655794,0.010572247620938923,1.0572,0.12,0.010572247620938923,3.3122011344755307e-14,0.010273300152390197,0.008324666680553835,0.010249226176958623,0.01013061943311713,0.009950262049409407,0.008144451670370692,0.005938092556562184,0.04771562188965881,0.04939682007873621,0.049409606349935985,0.04938300778828637,0.049386839854152084,0.049388707562975906,0.04936603023617562,0.04936684975291988,0.04936764357417675,0.04937107890679879
29.938055555555554,0.12263110721036366,3.3122011344755307e-14,0.0,0.12,3.3122011344755307e-14,0.013547608170211174,0.009224841259384133,0.009642250734068011,0.009194345273453038,0.00958394018215111,0.007558046637164207,2.0328224149781525e-08,0.04504336575698665,0.047268243683507676,0.04924006763485947,0.04938280102075096,0.04938676161404461,0.04938921022745706,0.04936603023617562,0.04936684975291988,0.04936782449577024,0.049370668004541145,0.04937045970351582
30.43888888888889,0.12774749009393574,0.01420751503385788,1.4207,0.12,0.01420751503385788,0.009815977357529437,0.001693502935847066,0.010284287613309812,0.014709493457433753,0.0102560204299425,2.0328224149781525e-08,0.010945591977761982,0.007535680814508175,0.029119591630339597,0.0481019589049671,0.04938676161404461,0.04938876651440886,0.04936617237900398,0.04936684975291988,0.049367678413645096,0.04937135502821139,0.04937045970351582,0.04937047929369294
30.941388888888888,0.12771703005241886,0.005692763973502615,0.5692,0.12,0.005692763973502615,0.011418924682210445,0.009930850506976638,0.007772828181437968,0.01507678023646689,2.0328224149781525e-08,0.016908576101733644,0.0041177746146823955,0.009274175321793181,0.044807705541848805,0.04912569632713125,0.049388217039069135,0.04936531167514349,0.04936684975291988,0.049367678413645096,0.04937135502821139,0.04937010194539664,0.04937041475112958,0.04934637075859023
31.447222222222223,0.13060926547499804,0.01187564761500037,1.1875,0.12,0.01187564761500037,0.009927904564539305,0.008890390058054644,0.014045387112880843,2.0328224149781525e-08,0.012817058565574618,0.0013271562664846678,0.009000060076081418,0.04371067620571063,0.04845061686904545,0.04933668345055943,0.04936528150550283,0.04936705528969003,0.04936683534597125,0.04937127431861823,0.049368317317217955,0.04937196077861243,0.04934637075859023,0.04930930645161258
31.95138888888889,0.12751640287387525,0.01034984952522098,1.0349,0.12,0.01034984952522098,0.008754281031955332,0.013159440972524673,2.0328224149781525e-08,0.009641955395293727,0.0005800089223706082,0.008644618304915355,0.042842083708005595,0.04774331350945698,0.048922336960539714,0.049336203616526846,0.04936705528969003,0.04936683534597125,0.04937127431861823,0.049368317317217955,0.04937196077861243,0.04934637075859023,0.04930930645161258,0.049285678508524396
32.45333333333333,0.13198883528640995,0.0018471555241777635,0.1847,0.12,0.0018471555241777635,0.05084338073240546,2.0328224149781525e-08,0.011231956609110133,0.008335314606755642,0.010150277815308082,0.012588747563610609,0.002139788729835096,0.00923714524491769,0.029927079223319747,0.04833691283856578,0.04906775238627425,0.049371827443401746,0.04949965012574342,0.04937196077861243,0.04934637075859023,0.04930930645161258,0.049260202560456615,0.048217855017620895
32.9575,0.11781299900071739,0.05093606690297521,5.0936,0.12,0.05093606690297521,2.0328224149781525e-08,0.01822012051572592,0.001986322300096417,0.01244674996846451,0.009589615460197157,0.01492498639934059,0.0027046965625235225,0.009333585917900481,0.04478919303244741,0.048775555129853175,0.04937175665275112,0.049499692637166574,0.04937108234425618,0.0493461025514196,0.04930932648943061,0.049260202560456615,0.048217855017620895,0.048216312271574295
33.460277777777776,0.11781299900071739,2.0328224149781525e-08,0.0,0.12,2.0328224149781525e-08,0.018162138845780527,0.0019430641219929181,0.011579050147999346,0.009461774425374644,0.013721916833169272,0.0019587430519507963,0.0091396314483396,0.044698032117319285,0.04871804767357214,0.04936753469509576,0.049499692637166574,0.04937108234425618,0.049346201297598695,0.049309338530400294,0.04926016276664853,0.048217855017620895,0.048216312271574295,0.048211920195793984
33.96222222222222,0.12030498137294322,0.010051683381990301,1.0051,0.12,0.010051683381990301,0.015096384160609506,0.00927296888093534,0.010044917415175537,0.009777451415083658,0.00027932875160630727,0.020392389921860567,1.4647815098179972e-05,0.009258937722394172,0.025056170853121028,0.04764099813838783,0.04937128108587839,0.04934614924352548,0.049309338530400294,0.04925999500639074,0.048217834264815206,0.048216312271574295,0.048211701427491344,0.048810260040204494
34.468333333333334,0.10642550230378174,0.02286016953045782,2.286,0.12,0.02286016953045782,0.008688639300195514,0.010278472045475717,0.00968369163600045,0.0020393196252565826,0.029818344768319623,2.82612780663889e-05,0.013720687523683144,0.0021610583512719785,0.04496672910613379,0.049155134565537384,0.0493453423944467,0.04930938003827296,0.04925999500639074,0.048217834264815206,0.048216312271574295,0.048211701427491344,0.048810260040204494,0.04875694999758623
34.969722222222224,0.11468011609800494,0.00409101360716859,0.4091,0.12,0.00409101360716859,0.010499182409430098,0.009593298790538187,0.01349710161203971,0.009893335701632297,4.291857866346073e-05,0.0128618506177882,0.012435029037221025,0.0038618902587815927,0.02526714554072134,0.047654990059619144,0.049309514680119196,0.04923947916429857,0.04822144877041587,0.048216312271574295,0.04821204186415141,0.04882131848161763,0.04875694999758623,0.04874092197572248
35.47222222222222,0.11151125567999058,0.015238772276453429,1.5238,0.12,0.015238772276453429,0.007984515364424792,0.008579435962221037,0.013277720853491519,5.453888108688206e-05,0.01798883238870126,0.00921848091705629,0.006352976081070094,0.0079602453647743,0.04602737656340812,0.04918604817246104,0.04923947916429857,0.04822118727056127,0.048216312271574295,0.04821204186415141,0.04882131848161763,0.048757410373381924,0.04874033470555921,0.04874173311745621
35.97361111111111,0.12003473204259277,0.0031045537335834174,0.3104,0.12,0.0031045537335834174,0.00949626888742949,0.014818606397527091,0.0006180963029509701,0.016488060383921636,0.0059532279054110996,0.01126590737502479,0.012822775094199788,1.0436674121002812e-05,0.013407302290024448,0.04687801967187207,0.04822118727056127,0.048216312271574295,0.04821204186415141,0.04882131848161763,0.048757410373381924,0.04873670595265083,0.04874209137415414,0.048739384190130366
36.47638888888889,0.12795166354395796,0.008706527369044583,0.8706,0.12,0.008706527369044583,0.014166606903102383,0.0011337865214194687,0.01134782560023343,0.009326032006809475,0.01047464827679956,0.012639840459294725,1.2487678813081192e-05,0.009192099804007961,0.04642244257904508,0.04815443396387538,0.048216312271574295,0.04821204186415141,0.04882131848161763,0.048757410373381924,0.04873670595265083,0.04876049184656989,0.04872182411610533,0.04872439704954818
36.98138888888889,0.13092482277171424,0.012050180516637699,1.205,0.12,0.012050180516637699,0.001197632788135098,0.011723800050831268,0.00934387387396615,0.008844030499877862,0.0110657387745005,1.3037391195621783e-05,0.00901058663017991,0.04612973105895686,0.047934140249525733,0.048199211556970996,0.04821204186415141,0.04882131848161763,0.048757410373381924,0.04873670595265083,0.04875969611707509,0.04872182411610533,0.04872439704954818,0.04871351785235882
37.485277777777775,0.1354170597081698,0.001107396763727557,0.1107,0.12,0.001107396763727557,0.011541944049565791,0.008502901513450477,0.007213297380162503,0.009682956355049673,0.0003281115107618386,0.008781452445041391,0.04384519385650864,0.0455285514660083,0.046808787301065295,0.04825356883606959,0.04882131848161763,0.048757410373381924,0.04873670595265083,0.04875969611707509,0.04872182411610533,0.04872439704954818,0.04871351785235882,0.04883458603640125
37.99111111111111,0.13894222007670473,0.010819175694350895,1.0819,0.12,0.010819175694350895,0.009252940000946036,0.0037368753331373248,0.009189308614623392,0.00031206651231067164,0.008582879684212051,0.042998788082912985,0.044577679684285186,0.04612519848765006,0.04791994748919371,0.048844349610302484,0.048757410373381924,0.04873670595265083,0.04876079818605747,0.0487217495526941,0.04876463573927299,0.04871323404134123,0.04883458603640125,0.04878906055666592
38.49388888888889,0.14317232141119787,0.0015294799240911452,0.1529,0.12,0.0015294799240911452,0.033369645598658876,0.007345350362409261,0.0005109713864720009,0.0073375079788813545,0.02009449789905446,0.009761215290649673,0.0047242388525618375,0.009278581996132565,0.0342164257672294,0.047939723975441995,0.04873686483813242,0.04873154327106644,0.0487217495526941,0.04876463573927299,0.04871323404134123,0.04883458603640125,0.04878906055666592,0.048917379344336785
38.99638888888889,0.14754990416119151,0.010181151784524627,1.0181,0.12,0.010181151784524627,0.00809253004714722,0.011642226416716306,0.009263922719644118,0.009610888710787836,0.01181470814606994,0.006814742505970563,0.009807427173239078,0.006347114078842022,0.04115341727712422,0.048234000270744024,0.04873287687790429,0.04869768341422305,0.04876495016717375,0.04871323404134123,0.048834577621024285,0.04878906055666592,0.048917379344336785,0.04891509496933472
39.49861111111111,0.13381915871664404,0.02184111290902313,2.1841,0.12,0.02184111290902313,0.005365382848548192,0.011364022915361687,0.00932857967035807,0.008819713817159661,0.010219729285454868,0.010212404744858329,0.00629003662976771,0.00929507535594472,0.029548482058184198,0.04757511346473149,0.04869776531754,0.04876792803225195,0.04870869714565524,0.04883437793829323,0.0487870093039426,0.048917379344336785,0.048914989265193075,0.04895050592059596
40.00388888888889,0.13837290628642454,0.0010242292194031738,0.1024,0.12,0.0010242292194031738,0.012531006646726114,0.010075508715607194,0.007057335397194154,0.009276443489001364,0.011907279112873904,0.012229756056110657,3.869409346373891e-06,0.007826828008353364,0.04463748930830546,0.04847398218810355,0.04876762219878109,0.04870869714565524,0.04883437793829323,0.0487870093039426,0.04891380590050832,0.048915266600776094,0.04895050592059596,0.04894995203841165
40.50555555555555,0.13044190520426063,0.014353845362440146,1.4353,0.12,0.014353845362440146,0.008878452820399453,0.009614739010880745,0.00916986512400289,0.00957910483242938,0.014861371238427228,4.660057282431805e-06,2.0408680849179636e-06,0.04188244587181296,0.04652333569602571,0.048621248002368576,0.04870869714565524,0.04883437793829323,0.0487870093039426,0.04891380590050832,0.048915266600776094,0.04895050592059596,0.04894995203841165,0.048949151410530474
41.00694444444444,0.13044190520426063,2.4759178057009127e-05,0.0024,0.12,2.4759178057009127e-05,0.011947886517121016,0.012249937057888011,0.011698231875260411,0.010407481686535507,2.861737940414458e-20,2.508207085081381e-21,0.009557310583035166,0.0200417840104513,0.035741385934373114,0.04784953796113868,0.04883469540516112,0.0487870093039426,0.04891326323633961,0.048915266600776094,0.04895050592059596,0.04894995203841165,0.048949151410530474,0.04909232162266063
41.50888888888889,0.12496002036602792,0.036089435051692396,3.6089,0.12,0.036089435051692396,0.00589341309755435,0.009614136858320195,0.09998100639405481,2.861737940414458e-20,2.508207085081381e-21,0.014028660971333089,0.006117767089839909,0.009836737097438401,0.03566389835928341,0.04787128905311583,0.048786709635069384,0.04891250604595181,0.04891507196680013,0.048942020148097946,0.04893438307308217,0.048949151410530474,0.04909232162266063,0.049089505213423514
42.01138888888889,0.11621371962393517,0.004899758835429178,0.4899,0.12,0.004899758835429178,0.0086993251678059,0.09992368696524129,2.861737940414458e-20,2.508207085081381e-21,0.030031654561064353,0.009862141587693989,0.00036303907747342,0.009201185493355581,0.0409634312696833,0.04827421852741975,0.04891242411808395,0.04891507196680013,0.048942020148097946,0.04893504022704034,0.048949151410530474,0.04909232162266063,0.049089505213423514,0.04908942230242955
42.513333333333335,0.11567221090175091,0.008842795373919885,0.8842,0.12,0.008842795373919885,0.09992410714685737,2.861737940414458e-20,2.508207085081381e-21,0.030068304821021442,0.010017171865857821,0.00036500201807136614,0.009251111310975736,0.04095983675947113,0.04827277283174719,0.04891232081412403,0.04891507196680013,0.048942020148097946,0.04893504022704034,0.048949151410530474,0.0490921597275963,0.04908949609258477,0.049089402509432556,0.049089513297468246
43.014722222222225,0.10835323890953055,0.0995310726777248,9.9531,0.12,0.0995310726777248,4.220588983618072e-16,2.508207085081381e-21,0.026075161184794467,0.010573751077236746,0.008115339334231954,0.009950987728958995,0.013671635427611621,0.001725136221931962,0.012759338987692962,0.04733058066499968,0.048942020148097946,0.04893307893887457,0.048950914860567366,0.0490921597275963,0.04908949609258477,0.049089402509432556,0.049089513297468246,0.049064688822682286
43.51833333333333,0.1147376820411743,4.220588983618072e-16,0.0,0.12,4.220588983618072e-16,2.508207085081381e-21,0.024906953378138273,0.0070456748921532975,0.009036380563209243,0.009748104194389673,0.01403260920151893,0.001942774700208922,0.007862470669977027,0.04714289077089339,0.048924025843895706,0.04893286691685596,0.048950914860567366,0.0490921597275963,0.04908949609258477,0.04908897760465482,0.049089513297468246,0.049064688822682286,0.049064688822682286
44.01888888888889,0.11143894338203357,4.054242025132887e-18,0.0,0.12,4.054242025132887e-18,0.03516620297787525,0.00757105458755086,0.009545679407007603,0.011662996681353373,0.005459677764110743,0.017012398635626633,0.004000717377772538,0.009274312214419687,0.018793652554303066,0.04685652692482273,0.048952079415299526,0.0490921597275963,0.049087963245079684,0.04908897547052298,0.049089513297468246,0.049065132807977425,0.049064688822682286,0.049061145302726684
44.521388888888886,0.10702078584743306,0.03702629875462898,3.7026,0.12,0.03702629875462898,0.005524249819396686,0.014936305624310208,0.010284364290768499,0.006061271861296778,0.016104053867702094,0.010586331629949361,0.003929203547927044,0.00787714388997583,0.04621133959734108,0.048899647803012564,0.0490921597275963,0.049087963245079684,0.04908897547052298,0.049089513297468246,0.049065132807977425,0.04906396055577251,0.049061145302726684,0.049061145302726684
45.022222222222226,0.12777607622616677,0.003897491625874706,0.3897,0.12,0.003897491625874706,0.0013982768372860453,0.021847633234543553,0.0038088973966206485,0.013627447664888125,0.009678999417788492,0.00973173321612811,0.007058509544388809,0.00941552414786681,0.022814232521811084,0.047348708622358834,0.049087963245079684,0.04908913179809549,0.049085049707314345,0.049066174913203225,0.04906442759674492,0.049060504442917714,0.049061013750038705,0.04904234616528731
45.528333333333336,0.12316418288663203,0.006388504881409202,0.6388,0.12,0.006388504881409202,0.022556407121249213,0.004251853677906983,0.01089205903125423,0.008124084050329689,0.01301877158318953,0.009345979600769955,0.0043021750961625424,0.009259766923501429,0.046345712635286605,0.049010589648123444,0.04908913179809549,0.049085049707314345,0.049065624832527986,0.04906435035985665,0.049061033531299786,0.04906067842891406,0.04904234616528731,0.049041146787138626
46.030277777777776,0.1397724406130783,0.01922954507899837,1.9229,0.12,0.01922954507899837,0.0015946603431754786,0.009335127392827674,0.007122428454710892,0.012168707513943826,0.008405927811981883,0.002824319268163562,0.008946634659349787,0.04599811748437911,0.04877399602429233,0.049072008239341866,0.049085049707314345,0.04906560379847813,0.04906315081944436,0.049061033531299786,0.04906067842891406,0.04904234616528731,0.049041146787138626,0.049036973219927116
46.534444444444446,0.14161471240816154,0.0010070678935106387,0.1007,0.12,0.0010070678935106387,0.009921130794715067,0.007759882728396803,0.010348988160250651,0.006607986004934661,0.0013801045766060564,0.008732341378889735,0.044205202523894274,0.047210154358168326,0.048215583371949505,0.04914002385156511,0.04906560379847813,0.04906315081944436,0.04911202612711016,0.04906067842891406,0.04904234616528731,0.049041146787138626,0.04902766375137798,0.049123161023786034
47.03944444444444,0.1600460699237085,0.003795965427880408,0.3795,0.12,0.003795965427880408,0.004168752391153075,0.013857384936589449,0.0027726943349447226,0.0006404269245251794,0.008492978024352525,0.04298902030922876,0.045953286656248545,0.047194663184122895,0.04859829994031679,0.04903132247420463,0.04906315081944436,0.04911202612711016,0.04906067842891406,0.04904234616528731,0.049041146787138626,0.04902766375137798,0.049123161023786034,0.049087575724377455
47.5425,0.1548506547624512,0.003201293570708186,0.3201,0.12,0.003201293570708186,0.03673386841838348,1.717960214505421e-05,0.011176828564586995,0.009764549644065318,0.009597270271940374,0.008150687298886187,0.015859184078686524,0.0008974789317927561,0.01295552319557114,0.0476341242396565,0.04911202612711016,0.049058645872070906,0.04904234616528731,0.049041146787138626,0.04902766375137798,0.049123161023786034,0.049087575724377455,0.048772091454395414
48.04972222222222,0.1649435857713815,0.03592225797941665,3.5922,0.12,0.03592225797941665,1.6207049388136378e-05,0.009159955768639632,0.009350767898686337,0.00991773810934302,0.008246190366660303,0.014603928862754351,0.0009064094995042167,0.007810450624763493,0.047422512466823094,0.04909195738823054,0.049058645872070906,0.04904234616528731,0.049041146787138626,0.04902766375137798,0.049123161023786034,0.049087575724377455,0.048772091454395414,0.048772091454395414
48.55083333333334,0.1692130107732408,1.4489300984354635e-05,0.0014,0.12,1.4489300984354635e-05,0.003995952749319597,0.009964801541745158,0.010074223157081908,0.009601291724973796,0.013952229301458804,0.000959727112006567,0.0019300187339215786,0.04687480983932463,0.04865616397284985,0.0490240411396469,0.04904234616528731,0.049041146787138626,0.04902766375137798,0.049123161023786034,0.049087575724377455,0.048772091454395414,0.04877197502768781,0.04877230548280893
49.05138888888889,0.16022770826698102,0.004368309518541702,0.4368,0.12,0.004368309518541702,0.010294393156301172,0.009970824118592398,0.009606593516862166,0.009466778346345052,0.009771635482210179,0.009396147072478345,0.009597970009533777,0.009353637719107988,0.009592260362589566,0.0471201570746029,0.04904177190226539,0.04902760569703784,0.04906807027014656,0.049178956069722064,0.04877182847379076,0.04877197502768781,0.04877230548280893,0.048686406007007015
49.555,0.16012492851659524,0.010214375432080723,1.0214,0.12,0.010214375432080723,0.009879376203564995,0.009486212017227907,0.009374863783877604,0.009660658986512739,0.009278511457270506,0.009586667940677788,0.009217378461850924,0.009522284623762306,0.0471175889615817,0.04904152751670962,0.04902761686358394,0.04906807027014656,0.049178956069722064,0.04877182847379076,0.04877197441168939,0.04877231162695097,0.04868640875317747,0.04868621265613623
50.05638888888889,0.15829903840547513,0.009744149145204474,0.9744,0.12,0.009744149145204474,0.008235283725591548,0.009718766741696732,0.009268635990085757,0.009148257860136861,0.009186343901309561,0.004610166305987516,0.00903319838192407,0.046139240097272785,0.04837369902803717,0.048971531726904424,0.04903399507460616,0.04920195828198554,0.048774019160673,0.04877189529892134,0.04877233505950554,0.04868640875317747,0.048685486246944396,0.048685125088698156
50.5575,0.16651929298948787,0.00544320584016516,0.5443,0.12,0.00544320584016516,0.00812183973271427,0.009307513448000423,0.009172350604891619,0.0070811611413818636,0.0021707655640794124,0.008676174843708055,0.04573316677651184,0.04798039422776175,0.048737657798280765,0.049017697149213765,0.04920051435705063,0.048774019160673,0.04877189529892134,0.04877233505950554,0.04868640875317747,0.048685486246944396,0.048685125088698156,0.048674277662165207
51.05916666666667,0.16123657044625853,0.0077855544616257,0.7785,0.12,0.0077855544616257,0.008937569620273582,0.008512846921031016,0.006476116173761426,0.001960556605327553,0.008454145268763915,0.04569466897562544,0.047939850558111514,0.0487042875626972,0.04899918628260596,0.04919931401334286,0.048774019160673,0.04877189529892134,0.04877233505950554,0.04868640875317747,0.048685486246944396,0.048685125088698156,0.048674277662165207,0.04867286864068699
51.56,0.16785018830355808,0.01008116112925097,1.0081,0.12,0.01008116112925097,0.02516188015020906,0.0024262280477678777,0.007693313957327099,0.009722540830040906,0.00032053114237996604,0.02403488943124459,0.0003321329359701201,0.009217521953540463,0.03285868919498829,0.047827198122173294,0.04877121296856238,0.04877208892208122,0.04868635174974542,0.04868543543016097,0.04868062523089124,0.0486664179996619,0.04867914811371618,0.048666448823330766
52.06444444444445,0.15907666032101025,0.02435933140114203,2.4359,0.12,0.02435933140114203,0.0018628703470969536,0.006902156013418941,0.009045562871808136,0.00031610150053963063,0.02370252195439353,0.00030714868354547286,0.009153135807419142,0.03258407159009508,0.04776143474752264,0.04876258852176715,0.04877208892208122,0.04868635174974542,0.04868551327757168,0.04868062523089124,0.0486664179996619,0.04867914811371618,0.048666448823330766,0.04866301177133505
52.56611111111111,0.15624382978176035,6.858277254245738e-21,0.0,0.12,6.858277254245738e-21,0.007654001837934524,0.010491956877164376,0.0002297840206379443,0.02158791214000578,0.0013271225264917118,0.009307620785436897,0.0002224871417250734,0.041889664893656205,0.04537908829532824,0.048546081109232,0.04868635174974542,0.04868551327757168,0.04868062523089124,0.0486664179996619,0.04867914811371618,0.048666448823330766,0.04866301177133505,0.048578564864351616
53.06861111111111,0.15844792493474802,0.0065255118360949835,0.6525,0.12,0.0065255118360949835,0.00981962991726456,0.0002337734578953956,0.021498617883416324,0.0014197048540638202,0.006804254451868216,0.00019617118159968828,0.041543880651043835,0.0450670595700683,0.0483860337934436,0.0486750240893332,0.04868551327757168,0.04868062523089124,0.04866639909415158,0.04867914811371618,0.048666448823330766,0.04866302074630199,0.048578564864351616,0.04857863305533603
53.569722222222225,0.13979284397059769,0.014029964798990794,1.4029,0.12,0.014029964798990794,0.0031627193775395695,0.012710600219513047,0.00942310762653353,0.012871132196420259,0.0002280417956781007,0.018542611116903942,0.002478511669378765,0.00926240409113351,0.03172406698504393,0.04777503972851708,0.04867034906424828,0.04866639909415158,0.04867914811371618,0.048666448823330766,0.04865170994315087,0.04857545826604368,0.04857863305533603,0.04855828321300406
54.07611111111111,0.14437029444332064,0.001346447859916173,0.1346,0.12,0.001346447859916173,0.00965313520688304,0.007332736986445094,0.015193518856047085,0.0005179777588795744,0.026403162467302177,0.0062985497892707855,0.006249071445093431,0.009292426811236083,0.04405661062550617,0.04838324310627968,0.048666382775157044,0.04867761356085138,0.04866589132819562,0.04865171522729849,0.04857545826604368,0.04857863305533603,0.04855828321300406,0.04855812234668463
54.57861111111111,0.13922077808226982,0.011431752952263128,1.1431,0.12,0.011431752952263128,0.00820948962942189,0.014140951251610119,0.0004893480595382012,0.02565143436528689,0.004808628309337469,0.004118528434901791,0.009036153002654061,0.04355047875145966,0.048069264510178435,0.048642152977358695,0.04867761356085138,0.04866589132819562,0.04865171522729849,0.04857545826604368,0.04857863305533603,0.04855828321300406,0.04855812234668463,0.0485414083908166
55.081944444444446,0.14067764714849063,0.006322234210770439,0.6322,0.12,0.006322234210770439,0.011931849020124556,0.0006764460483549508,0.0242192168009471,0.003426655573436915,0.0030111895233922146,0.008755636291362653,0.0419276396956387,0.04673494742179036,0.047997542688784804,0.048722229137754654,0.04866589132819562,0.04865171522729849,0.04857545826604368,0.04857863305533603,0.04855828321300406,0.048554239815113,0.0485414083908166,0.04859514799211601
55.58583333333333,0.13766082459475684,0.010769666180911056,1.0769,0.12,0.010769666180911056,0.0006357899857475973,0.02384158536206881,0.0025789100949137915,0.002132347480201943,0.008650639840129114,0.04177727430213402,0.04660930055991406,0.04789925178993562,0.04866981604441512,0.048662479226630695,0.04865171522729849,0.04857545826604368,0.04857863305533603,0.04855828321300406,0.048554239815113,0.0485414083908166,0.04859514799211601,0.048591754330017924
56.08694444444444,0.13441884219595962,0.010457503681709439,1.0457,0.12,0.010457503681709439,0.00915315517514582,9.670998101630457e-05,8.198432992839636e-05,0.00799619374060081,0.008431577747463564,0.027282319412751232,0.04298779579140876,0.04513678887731534,0.04684882045489789,0.04854665163402045,0.04857545826604368,0.04857863305533603,0.04855828321300406,0.048554239815113,0.04853847767097515,0.04859514799211601,0.04859188269730566,0.048323660808199484
56.59305555555556,0.13708055270587388,0.009854717452395327,0.9854,0.12,0.009854717452395327,0.00761414182967499,0.0014760034418730664,0.047135371091727093,0.008794725621016066,0.008637223686585257,0.009126013692014144,2.122390679095269e-06,0.0104798004059583,0.03519525657320224,0.04782517209587913,0.04857863305533603,0.04855828321300406,0.048487895242706636,0.04853919569784669,0.04859514799211601,0.04859188269730566,0.048321102442868163,0.04776107796566386
57.098055555555554,0.13086953416272873,0.010775826483255703,1.0775,0.12,0.010775826483255703,0.0016307713576166638,0.0470645714990672,0.007434109889985481,0.009436788547072575,0.009732976326764368,2.2558142044850063e-06,0.0013705782731099929,0.034512752956137226,0.047616746260374314,0.04856013474501016,0.04855828321300406,0.048487895242706636,0.04853919569784669,0.04859514799211601,0.04859188269730566,0.048321102442868163,0.04776107796566386,0.04775979194975452
57.59916666666667,0.12676426102007268,0.0012550219443229066,0.1255,0.12,0.0012550219443229066,0.041972011613395616,0.004845250252717733,0.009634257568805763,0.013477359395038377,1.0844177935390814e-05,0.019588435928142287,0.0016062579127732375,0.00926827387211436,0.027297673144273758,0.04744048947872675,0.04849049556084362,0.04853718724056706,0.04859514799211601,0.04859188269730566,0.04832146928913551,0.04776107796566386,0.04775979194975452,0.04775547532320948
58.1025,0.11851264950474902,0.0416867223030542,4.1686,0.12,0.0416867223030542,0.006639018073931948,0.00891514366134622,0.01272478263452286,1.0439615692469013e-05,0.020398375793534467,0.009909235051143354,6.933457332289207e-05,0.00927194894380078,0.045098536179292534,0.04830481233781971,0.048537179008651204,0.04859514799211601,0.048592060867610545,0.04832147405890244,0.04776371622566451,0.04775779406976359,0.04775516560593663,0.047753302981846275
58.60805555555555,0.12363265127660214,0.0036235791684204473,0.3623,0.12,0.0036235791684204473,0.009104409806111446,0.013240664733995771,9.054993526981295e-06,0.01547339268066058,0.009628909183391344,6.280071686528647e-05,0.009045453144980273,0.04106633443309332,0.04572383635821161,0.0483429679478992,0.04859514799211601,0.04859197754659474,0.048321047590426824,0.04776398077044298,0.047757614023869084,0.04775516560593663,0.047753302981846275,0.04774688618483435
59.11055555555556,0.11395753194825296,0.01105949101806124,1.1059,0.12,0.01105949101806124,0.015811111259238304,2.413632627421131e-05,0.01366373766117904,0.020920335004676605,9.027553224086135e-05,0.009657861370820713,0.005515090681807012,0.009745478807866364,0.03190226567674701,0.047542177127031356,0.04859197754659474,0.048321047590426824,0.0477601565128824,0.04775780800794824,0.04775516560593663,0.047753302981846275,0.04774688618483435,0.047744121131406345
59.61277777777778,0.11395753194825296,0.01655344082226554,1.6553,0.12,0.01655344082226554,3.4773508884766825e-05,0.01145182976370205,0.016263057785947627,0.000361993129033899,0.009489439243732805,0.016703144035487106,0.0006408326174898974,0.009236530924094072,0.04320312038460125,0.048264890501553075,0.0483215759857347,0.04776010942279386,0.047758257054051276,0.04775518573666445,0.04775384187119098,0.04774689997565391,0.04774574125480959,0.04773241304739445
60.114444444444445,0.1111414464198713,2.8616413457306042e-05,0.0028,0.12,2.8616413457306042e-05,0.012120357909040133,0.01563962634196206,0.00043888844857389734,0.009355899242721654,0.013654064077069216,0.0006239646610923542,0.0090608552508986,0.042547393079060136,0.047809478379624994,0.04830085170856653,0.04776010942279386,0.04776518798551708,0.04775269827269275,0.04775384187119098,0.04774689997565391,0.047743943074861246,0.04773243635457232,0.04770169119412761
60.62,0.10585948244589233,0.026697161032390546,2.6697,0.12,0.026697161032390546,0.008309271265263264,0.002001826961565247,0.05044505050949088,0.0037630969584000703,0.009084533577328338,0.015841465626560632,0.007996703711128329,0.005893069654496444,0.017037365894006316,0.04613451605358245,0.04775526628430543,0.04775434029346684,0.047750884399865724,0.04773350244036172,0.047743943074861246,0.04773243635457232,0.04770169119412761,0.047699177883308165
61.1225,0.12221783582239837,0.0023281165289006814,0.2328,0.12,0.0023281165289006814,0.001808693680115186,0.050333434241127045,0.0038952892560171807,0.009092515418471775,0.014387995191193796,0.008963314897719126,0.0051363813694963205,0.009255479957709452,0.04572971072586975,0.04772040087706981,0.04775434029346684,0.047750884399865724,0.04773350244036172,0.047743943074861246,0.04773243635457232,0.04770169119412761,0.047699177883308165,0.04768889099574667
61.62361111111111,0.12143482201707881,0.0026350921062903866,0.2635,0.12,0.0026350921062903866,0.05033540331544627,0.005397070287473454,0.00813801126176952,0.013137020586695134,0.007534627477206934,0.006090420999099013,0.009143166734914113,0.045222624418432424,0.04734752432930551,0.047725213360378695,0.047750884399865724,0.04773350244036172,0.047743943074861246,0.04773243635457232,0.04770169119412761,0.047699177883308165,0.04768889099574667,0.04766893527893737
62.124722222222225,0.13168110343784573,0.04004361129108271,4.0043,0.12,0.04004361129108271,0.00015195671010738494,0.011279584337950515,0.0007894379634888728,0.024229038427166297,0.006150399545817627,0.008921323679804957,0.012620027909831372,0.0010867211818158448,0.022277423023721474,0.04627562088270024,0.04773100373509327,0.04774383329601112,0.04773243635457232,0.04770169119412761,0.047699177883308165,0.04768889099574667,0.04766873737006941,0.04767062898815408
62.62777777777778,0.1333389713463295,7.183683302644604e-05,0.0071,0.12,7.183683302644604e-05,0.011107896950823747,0.0007102773322172277,0.021309191051565965,0.005335246375292379,0.012108802396228146,0.00978197809841342,0.00038982855295299204,0.009122156646913477,0.04520791404321592,0.047645458183784066,0.04774221812211428,0.04773152979652557,0.04770198860172065,0.047699177883308165,0.04768889099574667,0.04766873737006941,0.04767062898815408,0.047666088724753135
63.12972222222222,0.13854520944352344,0.009633757347875943,0.9633,0.12,0.009633757347875943,0.0006897324998729447,0.020908664015861576,0.005118197357339693,0.011931798503214545,0.008761503505471117,0.000389801882609212,0.008365167891256426,0.04499155317495983,0.047511455073000634,0.047731882012856344,0.04773152979652557,0.04770198860172065,0.047699177883308165,0.04768889099574667,0.04766873737006941,0.04767062898815408,0.047666088724753135,0.04766603465975373
63.63027777777778,0.1355800273100995,0.003093034523855348,0.3093,0.12,0.003093034523855348,0.009293883899814172,0.021765719492554573,0.005095296415941972,0.015753526426175925,0.00028847818584597305,0.01595131019635837,0.00608328898057417,0.00786814769762959,0.02340258258682533,0.04613599383195661,0.04770175811127272,0.047700028424067294,0.04768889099574667,0.04766873737006941,0.04767062898815408,0.047666088724753135,0.04766603465975373,0.04754656633905805
64.13305555555556,0.14579020993999917,0.007469751749560064,0.7469,0.12,0.007469751749560064,0.018225893896938603,0.003022537629122493,0.015767976709198297,0.0003974720637457873,0.016071103082943225,0.005010015374824703,0.009894509500781076,0.009339765654658334,0.045081161472109325,0.0467726534545673,0.04924794676125659,0.04768889099574667,0.04923350813472364,0.04767062898815408,0.047666088724753135,0.04766603465975373,0.04754656633905805,0.045812657597052685
64.63583333333334,0.1454014524067653,0.01606378678782835,1.6063,0.12,0.01606378678782835,0.0038186745271274144,0.016398502059340823,0.0005230774993650108,0.01662371758647667,0.006585256126630057,0.004989852621357595,0.008994785166456467,0.043774614498714746,0.04577873493047038,0.04918366407692038,0.04768889099574667,0.04923350813472364,0.04767062898815408,0.047666088724753135,0.04766603465975373,0.04754656633905805,0.045812657597052685,0.04575818754032357
65.14111111111112,0.14756897224110824,0.002302031772203813,0.2302,0.12,0.002302031772203813,0.014355184256121612,0.0005210779565606097,0.015040749462929263,0.005598709598095514,0.0019624307948297418,0.008713184666333196,0.042624155575533035,0.04468373555068437,0.04865329274013792,0.047647626611074245,0.04923350813472364,0.04765284973841851,0.047666088724753135,0.04766613785328474,0.04754575052307324,0.045812657597052685,0.04575818754032357,0.04575058582366536
65.64277777777778,0.1512253101140761,0.07120647870412798,7.1206,0.12,0.07120647870412798,6.872823889358699e-06,0.09815016951276616,9.013276808448627e-07,0.0004008362963601519,0.015661734042956593,0.009910920443744756,1.635117193508174e-05,0.009216703009354624,0.025998011192046165,0.04812506556525407,0.04765284973841851,0.047666088724753135,0.04766613785328474,0.04754575052307324,0.045812589703867694,0.04575818754032357,0.04575058582366536,0.04423619575707651
66.14777777777778,0.15501370104072415,0.0005072048730406043,0.0507,0.12,0.0005072048730406043,0.08739644006508891,3.1958460331710392e-06,0.001311778127401425,0.006674335696173032,0.032746247802997244,3.363547304097831e-05,0.011033621703297077,2.4725032348071933e-17,0.020902712774862074,0.04467462263077723,0.047666088724753135,0.04763389810846224,0.04754575052307324,0.04581156110263473,0.04575818754032357,0.04575058582366536,0.04423619575707651,0.0441855807140121
66.64972222222222,0.15040524618303786,0.08173118032102952,8.1731,0.12,0.08173118032102952,1.098337342396007e-06,0.00020587515966749334,0.009366903082872363,0.011163449837371713,4.8932280632728886e-05,0.05491836059355799,2.4725032348071933e-17,0.007100395537130924,0.03908518291581695,0.04691069065887515,0.04763389810846224,0.04754575052307324,0.04581156110263473,0.04575818754032357,0.04575058582366536,0.04423619575707651,0.0441855807140121,0.0441855807140121
67.15138888888889,0.14774756298423747,3.607423322317319e-07,0.0,0.12,3.607423322317319e-07,0.0002445107765312702,0.009508480110751264,0.012864595718990323,9.277819280570112e-05,0.051998229347359703,2.4725032348071933e-17,0.012836092411300097,0.0016739724445699856,0.028486077032712023,0.04626307332559191,0.04754575052307324,0.04581156110263473,0.04575818754032357,0.04575058582366536,0.04423619575707651,0.0441857246214086,0.0441855807140121,0.044185273530004794
67.65277777777777,0.14154789043816698,0.00013684587480050671,0.0136,0.12,0.00013684587480050671,0.009661690343479728,0.011156536217963427,0.00010172368849457039,0.051356433765160144,2.4725032348071933e-17,0.017759934769398657,0.004925117666340014,0.006406737643144186,0.04285494554782576,0.047286036167895444,0.04581156110263473,0.04575753982514872,0.04575063371649682,0.04423626088189432,0.044186470060634885,0.04418561284601641,0.044185273530004794,0.044184343991100807
68.15416666666667,0.15153224594916084,0.004750523515386869,0.475,0.12,0.004750523515386869,0.01174195408906678,0.00016560231357901604,0.045087944735730294,2.4725032348071933e-17,0.01207048158903569,0.009040299382626371,0.009168238259245013,0.009849200770002104,0.009563563411678662,0.04375209788188918,0.045757445151952764,0.04575063371649682,0.04423626088189432,0.04418644592765589,0.044185655748315525,0.044185273530004794,0.04418442469035828,0.04418410936956844
68.6575,0.14729695050737643,0.011251794452332355,1.1251,0.12,0.011251794452332355,0.000164146452132068,0.045068520026691934,2.4725032348071933e-17,0.011796720607496156,0.008549090851466263,0.00858794198827595,0.008912674311632379,0.00938502935100145,0.04372737985496698,0.04575490101321406,0.04575058710656225,0.044236280283719245,0.04418644592765589,0.044185655748315525,0.044185273530004794,0.04418442469035828,0.04418410936956844,0.04418208107541165
69.15833333333333,0.16181749889101069,0.00010158193583424647,0.0101,0.12,0.00010158193583424647,0.04469719187340023,2.4725032348071933e-17,0.009825370845379875,0.008900640937686983,0.00956977896201802,0.006940739156163118,0.0014925500727216944,0.043251099561264224,0.04541293874342104,0.04572355569159563,0.04423626824429925,0.04418644592765589,0.044185655748315525,0.044185273530004794,0.04418442469035828,0.04418410936956844,0.04418208107541165,0.044181870826141244
69.6588888888889,0.16292580097951695,0.009824093556115243,0.9824,0.12,0.009824093556115243,2.4725032348071933e-17,0.013957782628262624,0.010726482839040567,0.008935187093587064,0.008639255157828743,0.009494327003365275,0.010825687616993382,0.006493026230815355,0.013680101230768,0.04237211366073786,0.044186572043542476,0.044185655748315525,0.04418779032093306,0.04418500567855405,0.04418955706071479,0.04418208107541165,0.04418236690431675,0.04415996350017922
70.16361111111111,0.170755841136503,2.4725032348071933e-17,0.0,0.12,2.4725032348071933e-17,0.01069287078230161,0.008590135507739682,0.00955028241203653,0.009667996383282406,0.00968051002493824,0.01054284245752671,0.006607742748657975,0.009333366540766485,0.04190450265305334,0.044144979152608975,0.04425303187864326,0.04418779032093306,0.04418500567855405,0.04418955531350627,0.04418208107541165,0.04418236690431675,0.04415963301837145,0.04415107099169456
70.665,0.17273943635131417,0.007690196322747008,0.769,0.12,0.007690196322747008,0.010928459725350736,0.010574323965891289,0.009231384654659395,0.010000177976823945,0.009527052465790482,0.003541377200194887,0.009052068118750046,0.04123585306121876,0.04367022391573276,0.04421670627720357,0.04418779032093306,0.04418500567855405,0.044189559816892696,0.04418230672319684,0.04418207201941813,0.04415963301837145,0.044151313579431806,0.044127448458627976
71.16722222222222,0.1767024731182443,0.010718726034836076,1.0718,0.12,0.010718726034836076,0.009348856705843773,0.00890341782129376,0.00976943205376337,0.007036270415091406,0.001464527789895362,0.008751254420219153,0.04017577746102777,0.042751162116347156,0.043675333347152075,0.044116163829425584,0.04421679016703327,0.04420078142532346,0.04418229509649964,0.04418223233066358,0.04415401521975467,0.04414565050367098,0.044127840002565914,0.04411015876993867
71.67222222222222,0.17996707417574423,0.005031618045967389,0.5031,0.12,0.005031618045967389,0.011058140880133798,0.009630951640985283,0.0063710113331295355,0.016300891031442513,0.00765776994841047,0.008760784894987066,0.011126639153550019,0.004655064500768673,0.02158418286490048,0.043249392612967674,0.04420078142532346,0.04418229509649964,0.044163850540167485,0.04417079892381376,0.04414565050367098,0.044127840002565914,0.04410983889801792,0.0441156055460644
72.17527777777778,0.17363859349467836,0.007978005108712735,0.7978,0.12,0.007978005108712735,0.009117430100634502,0.009482215173703198,0.012147908793366309,0.008043269448736153,0.010173763116892389,0.010073940734712685,0.005018570008993345,0.009260646134387582,0.04178885726309861,0.04406776961412676,0.044181945363145354,0.044163850540167485,0.04417079892381376,0.04414565050367098,0.044127840002565914,0.044109839207434616,0.0441156055460644,0.044094531049447355
72.67722222222223,0.17159987856904402,0.007883626714935383,0.7883,0.12,0.007883626714935383,0.008772973408873657,0.011338029587401849,0.006941190839776226,0.009141661416127883,0.0098873111286716,0.004454005992840078,0.009006339589704305,0.04174892880645329,0.044042585892183926,0.04418026515225007,0.044163850540167485,0.04417079892381376,0.04414565050367098,0.044127840002565914,0.044109839207434616,0.0441156055460644,0.044094531049447355,0.04409318289440237
73.17777777777778,0.17546102285054962,0.001270649233175983,0.127,0.12,0.001270649233175983,0.010087930164464373,0.007030591863582379,0.027275148660248737,0.010126505639450388,0.0010299456224084009,0.009751790437922549,0.009503423137871865,0.005912101170593738,0.025404079484294264,0.0430911494071842,0.04417143034448865,0.04409515748318018,0.044127736431788106,0.04417193222254994,0.04411551040291728,0.044094531049447355,0.044040007757494136,0.04409670309695216
73.68527777777778,0.16131241100910831,0.016178520413767612,1.6178,0.12,0.016178520413767612,0.0003287689150541035,0.02319647087574065,0.007829724883165605,0.004202486981243527,0.0178289019444246,0.010959469516627645,3.059403793695016e-05,0.007812816415558645,0.040863769402843746,0.04400314165004437,0.04409570799122252,0.04413017522858423,0.04417193222254994,0.04411551040291728,0.044094531049447355,0.044040007757494136,0.04409670309695216,0.04409670309695216
74.18666666666667,0.16147331661078773,0.00012675737672510464,0.0126,0.12,0.00012675737672510464,0.009433338987901888,0.01324290126045673,0.0077927605284534825,0.0095604561461606,0.014693887562014186,0.00036733051450615564,0.014537838376264356,0.00809464561825143,0.009571121812431067,0.042450577612039686,0.04412966019374498,0.044171465528100314,0.044105364172997555,0.04409203693241418,0.04403595980619807,0.0440990478157723,0.04409670309695216,0.04407042823677392
74.6925,0.15793241554518633,0.00953301243039864,0.9533,0.12,0.00953301243039864,0.01150178673485285,0.008549418228421932,0.009439948574473467,0.01399026009662971,0.00043246266330631693,0.014306234760954831,0.006466573350987279,0.009360636043692746,0.04202695600412943,0.04408401925833473,0.04415684221755321,0.044105227395311655,0.04409176213008078,0.04403595980619807,0.04409904105316339,0.04409688761257778,0.044069337780008384,0.04406831624375929
75.19388888888889,0.1493370043407327,0.011102181169375468,1.1102,0.12,0.011102181169375468,0.009358342503552025,0.009222024543104673,0.012382722132032656,0.0005343806307845873,0.013743861724654192,0.003678490642202143,0.009071239779742661,0.041206720744546614,0.04350493638987946,0.044113529509662366,0.044105227395311655,0.04409173719287952,0.04403592715482284,0.04409904119035076,0.044096976423079824,0.0440679108285983,0.044068377769424634,0.04403459246257107
75.69944444444444,0.14321910100089946,0.00887033482811892,0.887,0.12,0.00887033482811892,0.009683977400580343,0.012297137561022914,0.0005758147364017821,0.010667447213771173,0.0017626859753353214,0.008785769783551124,0.04039075758506325,0.04272539824219366,0.04365402893810852,0.044073367085655256,0.04409173719287952,0.04403593425986089,0.04409892523172487,0.044096976423079824,0.04406770784450109,0.044068377769424634,0.04403459246257107,0.04400785284730262
76.20277777777778,0.1382057105830396,0.008404180219113074,0.8404,0.12,0.008404180219113074,0.011448106225626994,0.0006463156116108016,0.009641785359993873,0.0011934269339554714,0.008471882786708585,0.0395034601732665,0.04175016929120679,0.04285411882719193,0.04363621062180714,0.04406278350994516,0.04403593425986089,0.04409892523172487,0.044096976423079824,0.04406442659615414,0.044068377769424634,0.04403459246257107,0.04400785284730262,0.04398791990208395
76.70583333333333,0.1319448766429147,0.024677100760325022,2.4677,0.12,0.024677100760325022,1.515413407063079e-17,0.012984515445088043,2.2515556794205763e-18,0.009256767930241293,0.021079442895277623,0.005780788435632283,0.008305155433560422,0.00936630918406323,0.02942936530446776,0.043226197845718774,0.04409819071543934,0.044230772709500495,0.04342947552706759,0.044078206449210185,0.043876673828131735,0.04400785284730262,0.044047954862177864,0.044411523221189166
77.20972222222223,0.1394856246813223,1.8569641467613643e-17,0.0,0.12,1.8569641467613643e-17,0.00996231903019673,2.2515556794205763e-18,0.012618573173440567,0.00954533078234909,0.00869201789033714,0.015166954708576876,0.0014375805741623474,0.00783369833139926,0.03916989217750639,0.04378971114023572,0.0442307692010523,0.04342947552706759,0.044078206449210185,0.04386876017557223,0.04400785284730262,0.044047954862177864,0.044411523221189166,0.044411686954018655
77.71138888888889,0.12550852063430412,0.009549789543344145,0.9549,0.12,0.009549789543344145,2.2515556794205763e-18,0.018274553746726714,0.009704428032852822,0.008141824200649241,0.01386988079879853,0.0028856690106345974,0.0005307712875901706,0.03682332046290046,0.0423131115084885,0.044113060934125245,0.04342885844760342,0.044078206449210185,0.04387013390143559,0.04400802866281756,0.044047954862177864,0.044411523221189166,0.044411686954018655,0.044407513532151346
78.21222222222222,0.12910303909311174,4.352680381790496e-12,0.0,0.12,4.352680381790496e-12,0.016458235985978856,0.0041976658201206465,0.020112794844192542,0.009737959415505268,0.009937508838036303,0.0005948260672269602,0.008770538043709666,0.009225123174168343,0.02821848776818742,0.04238133857847209,0.044076401062818606,0.043867224203602395,0.04398769621014839,0.044048434615204995,0.044411523221189166,0.04441594585551587,0.04440573156720718,0.04439562524146477
78.7161111111111,0.11982333832729228,0.019870158035055107,1.987,0.12,0.019870158035055107,0.006806650774953261,0.019697234380576762,0.009605858535614907,0.010326313024098411,0.0008095054950292326,0.009345511837279054,0.0039984666060047264,0.026615401751415704,0.04201378967171857,0.04404990632137813,0.04386470448783332,0.04398769621014839,0.044048434615204995,0.044411523221189166,0.04441594585551587,0.04440573156720718,0.04439562524146477,0.04439585560409206
79.21666666666667,0.1148278008163067,0.010681124384650775,1.0681,0.12,0.010681124384650775,0.009249675487758081,0.009111267362454654,0.011011379971749315,0.005511126364069202,0.019385737974088012,2.811527371139664e-06,0.003979040729215693,0.03450933895294228,0.039807525168291925,0.04355677992599509,0.04398769621014839,0.04405895687196625,0.04441024134112898,0.04441126134114964,0.04440617029547818,0.04438699522513657,0.04440507083898918,0.04438877331265711
79.71916666666667,0.12781816128750087,0.00472616369962011,0.4726,0.12,0.00472616369962011,0.010104987252704128,0.009441734020018142,0.009661238294430422,0.012909959331954341,3.827640772084367e-06,0.019262428134638406,0.0008372417547806615,0.00923575312351307,0.03184574916276501,0.04326619929710357,0.0440591189790686,0.04441012805328444,0.044410630017550884,0.04440591533330465,0.04438699522513657,0.04440507083898918,0.0443884331312572,0.04435699086208002
80.22305555555556,0.12128314660789591,0.015722126285842478,1.5722,0.12,0.015722126285842478,0.006513382228450582,0.0072542125128924944,0.016104946127826605,6.373335353860045e-06,0.024432183773886413,0.007117791837351275,0.006819110672838763,0.009349839736498758,0.03630676525323095,0.04352375587141631,0.04440981438575981,0.044410630017550884,0.04440591533330465,0.04438700621700624,0.04440507083898918,0.0443884331312572,0.04435566084585274,0.04435226153689277
80.41416666666667,0.12128314660789591,0.0060076223223067375,0.6007,0.12,0.0060076223223067375,0.006714216727127601,0.01566644109366353,6.34675348651961e-06,0.024198407160835194,0.005849018978458381,0.005619277201938919,0.009053189042988068,0.03622167158325534,0.043486949017123244,0.044407229483698324,0.044410630017550884,0.04440591533330465,0.04438700621700624,0.04440507083898918,0.0443884331312572,0.04435566084585274,0.04435226153689277,0.044350011111406705
80.41416666666667,0.12128314660789591,0.007603247229220289,0.7603,0.12,0.007603247229220289,0.01786152434412742,1.2911670925366251e-05,0.02383927880667041,0.0003601796974190744,0.00016965440093246324,0.008677719465677377,0.00887838665513234,0.03184494184944789,0.038452796766703316,0.0443978958241254,0.04439276633050196,0.04438700621700624,0.04440507083898918,0.044388086498053834,0.04435566084585274,0.04435226153689277,0.044350011111406705,0.044333643655214874
80.41416666666667,0.12128314660789591,0.00982208016614578,0.9822,0.12,0.00982208016614578,0.00012697295013590598,0.02643711832666156,0.003539833920871805,0.0006098623893404783,0.008552761256401321,0.008779961491015745,3.71460293080597e-07,0.030681604812407254,0.04179080936529828,0.04421877462763446,0.04442120061139538,0.04440340942454092,0.044388086498053834,0.044358081959924925,0.04434953800144796,0.044350011111406705,0.044333643655214874,0.0442255605073479
80.41416666666667,0.12128314660789591,0.0005738050181948094,0.0573,0.12,0.0005738050181948094,0.014096879263104075,0.009534929096876262,0.009256643038590718,0.009341016741502598,0.024999111587889967,3.71460293080597e-07,4.606350405210687e-08,0.011379464274778846,0.026087291906289382,0.04347750782437502,0.04439912274349743,0.04438806067473368,0.044358476178205875,0.044341395758454506,0.044350011858255003,0.044321006872581094,0.04424442497767975,0.044175498499967554
80.41416666666667,0.12128314660789591,0.010844083067826003,1.0844,0.12,0.010844083067826003,0.0065401653736098615,0.008160591102869407,0.008887407958072477,0.02462669832825699,3.71460293080597e-07,4.606350405210687e-08,0.00882597469772495,0.025140351117722795,0.04325159679501696,0.044380718706917545,0.04438806067473368,0.044358476178205875,0.044341395758454506,0.044350011858255003,0.044321006872581094,0.04424442497767975,0.044175498499967554,0.04417271268966356
80.41416666666667,0.12128314660789591,0.011741244460561769,1.1741,0.12,0.011741244460561769,0.005312587232922459,0.009556064083365765,0.07112471965951128,3.71460293080597e-07,4.606350405210687e-08,0.009851246608449025,0.015245526555464727,0.009673300217611477,0.008582311438428221,0.042139256233539577,0.04436179488396674,0.044341740269212455,0.0443500284924946,0.044321012269102844,0.044239233444619885,0.044161134387910125,0.0441627341413843,0.04411603970516116
80.41416666666667,0.12128314660789591,0.0077818914956475724,0.7781,0.12,0.0077818914956475724,0.007078548350989864,0.07107027001994243,3.71460293080597e-07,4.606350405210687e-08,0.019975529805454605,0.00880149547367884,0.009618155421629802,0.003893253151529513,0.04102902910279851,0.044250201009811016,0.044341740269212455,0.0443500301239942,0.044320944784411107,0.044239233444619885,0.044161134387910125,0.0441627341413843,0.04411603970516116,0.04411682938091558
80.41416666666667,0.12128314660789591,0.004795734613860774,0.4795,0.12,0.004795734613860774,0.07070714243604222,3.71460293080597e-07,4.606350405210687e-08,0.02604775644076014,0.005436961334788151,0.012204844792449652,0.008545596259643413,0.010138721133349994,0.009617984373310006,0.04236890475440008,0.04435079215280381,0.044320944784411107,0.044239233444619885,0.044161134387910125,0.0441627341413843,0.044116803170323196,0.04411682938091558,0.04411681134944188
80.41416666666667,0.12128314660789591,0.07058736479135837,7.0587,0.12,0.07058736479135837,3.71460293080597e-07,4.606350405210687e-08,0.024932105955462726,0.00366369457003309,0.011096276273229592,0.008131534052716693,0.007567846180948521,0.009286321888448284,0.04212923220309851,0.04432936370903566,0.044320944784411107,0.044239233444619885,0.04416012010167758,0.0441627341413843,0.044116803170323196,0.04411713854279938,0.04411681134944188,0.044109308592533765
80.41416666666667,0.12128314660789591,3.71460293080597e-07,0.0,0.12,3.71460293080597e-07,4.606350405210687e-08,0.03962255434079966,0.009077505510355572,0.010431944673947749,0.009698466735716237,0.009639401878778042,0.0001922926143339776,0.010599755499737495,0.02238708590748931,0.042979902858846626,0.04423945581880483,0.04416012010167758,0.0441627341413843,0.04411679946102927,0.044115583825116905,0.04411769281089387,0.044109308592533765,0.044091839053982444
80.41416666666667,0.12128314660789591,4.606350405210687e-08,0.0,0.12,4.606350405210687e-08,0.03349614028409462,0.0030233616869559995,0.010819701026815788,0.00959346838377713,0.011262435840807961,0.004640310398100968,0.01670713377175429,0.0009934198626437242,0.036641815584933055,0.04366145515398011,0.04415844377146461,0.0441627341413843,0.04411679270894814,0.04411542181956849,0.04411769281089387,0.044109308592533765,0.044091839053982444,0.044091664366742736
80.41416666666667,0.12128314660789591,0.008476587912366397,0.8476,0.12,0.008476587912366397,0.00967890833440372,0.0009804001175634741,0.019298128444176384,0.006822809044168239,0.009940253546749137,0.012483494633904815,0.00578721729568849,0.007695208105418018,0.03250414798349599,0.04342172414226727,0.04416367038401417,0.04411679428333083,0.04411217064030233,0.04411769281089387,0.044109137745288206,0.044091839053982444,0.04409174251289854,0.044089874931787475
80.41416666666667,0.12128314660789591,0.009757830834020426,0.9757,0.12,0.009757830834020426,0.005036650722180624,0.012443841624119425,0.009909269875724248,0.008479023885308242,0.01148572387701781,0.009742615530536404,2.9741988547461727e-13,0.010622722825433561,0.03780530134462261,0.0437497193332959,0.044114446709351315,0.04411199791647218,0.044115638908240135,0.044109137745288206,0.044091839053982444,0.044091574474652014,0.044089874931787475,0.04408282294332769
80.41416666666667,0.12128314660789591,0.0057755464381708125,0.5775,0.12,0.0057755464381708125,0.012855862854261482,0.008370968005022631,0.008840917281823499,0.011582083189196953,0.009090820483608953,2.9741988547461727e-13,0.00899834788882777,0.03757220601704429,0.04362671787260186,0.04410489046612607,0.04411199791647218,0.044115638908240135,0.04410904658060701,0.044091839053982444,0.044091738410332704,0.044089874931787475,0.04408243292097314,0.044079672757284256
80.41416666666667,0.12128314660789591,0.007755073356039736,0.7755,0.12,0.007755073356039736,0.008128935275417895,0.014887647082301815,1.5994143685716943e-20,0.02172566500088739,2.9741988547461727e-13,0.012854509683453922,0.007670690547879184,0.009416582849899444,0.010668788818816945,0.042776699060569294,0.044112273243054265,0.04410647202355,0.0440910188543928,0.044091738410332704,0.044089874931787475,0.04408035803621776,0.044079672757284256,0.043166895847586775
80.41416666666667,0.12128314660789591,0.006823871842055745,0.6823,0.12,0.006823871842055745,0.013984936261312485,1.5994143685716943e-20,0.02111529113924302,2.9741988547461727e-13,0.013726644511805797,0.009027256549203099,0.009641165683391,0.0040138529337847536,0.04218077532188206,0.044051810016027246,0.04410647202355,0.0440910188543928,0.044091738410332704,0.044089874931787475,0.04408035803621776,0.044079353506259855,0.043166895847586775,0.04316689584759529
80.41416666666667,0.12128314660789591,0.009840711810490756,0.984,0.12,0.009840711810490756,1.6028515117604468e-20,0.019589522765087377,2.9741988547461727e-13,0.012646795376552049,0.00927160038255586,0.0073105948123246,0.00031326355351639633,0.03947899222905067,0.041976771794321736,0.043949889209760534,0.0440910188543928,0.04409263465992153,0.044089874931787475,0.04408035803621776,0.044079353506259855,0.043166895847586775,0.0431638414514746,0.043229072426020886
80.41416666666667,0.12128314660789591,5.308158356769444e-18,0.0,0.12,5.308158356769444e-18,0.021470471280492995,2.9741988547461727e-13,0.009344245232361614,0.014469377943277434,0.011361382379750064,0.0010650847551659343,0.014584079287348362,0.004266276837882468,0.02675845801663749,0.04303630272274025,0.04409098506374092,0.04408888030132981,0.04408035803621776,0.04407934770019813,0.04316689167435596,0.04316383925891176,0.04322903966414667,0.04322913385208181
80.41416666666667,0.12128314660789591,0.009696481800788099,0.9696,0.12,0.009696481800788099,2.9741988547461727e-13,0.01808283186934736,0.005625637957496571,0.013851866153086078,0.004454741186286909,0.013782091874348581,0.008846434795379944,0.004897215034026716,0.03994576152675071,0.043853720487751185,0.04408888030132981,0.04408158838642719,0.04407934770019813,0.04316689167435596,0.04316383925891176,0.04322903966414667,0.04322913385208181,0.04322913385208181
80.41416666666667,0.12128314660789591,3.530866617626026e-13,0.0,0.12,3.530866617626026e-13,0.01268050845954587,0.013151982101902278,0.0037807869686855835,0.01775759066952925,0.002861675783316964,0.01563360443298075,0.004959191581486109,0.009299203833875131,0.02677476581674748,0.04290543438321397,0.04408158838642719,0.04407934770019813,0.04316689167435596,0.04316383925891176,0.04322903966414667,0.04322913385208181,0.04322913385208181,0.043223626454307267
80.41416666666667,0.12128314660789591,0.005490067526655521,0.549,0.12,0.005490067526655521,0.014957730878521959,0.005388523661132321,0.01873444000117013,0.004398194010322908,0.016076737984562047,0.0016078906233013767,0.009161397316781126,0.007879367794286867,0.04239368596522278,0.044016558335660705,0.0440794452991528,0.04316675361674414,0.04315897814439356,0.04322906086339685,0.04323308861073707,0.04322913385208181,0.043223626454307267,0.043187624974248405
80.41416666666667,0.12128314660789591,0.00888758833988124,0.8887,0.12,0.00888758833988124,0.008418110348426955,0.009902411926109647,0.009442992923813792,0.009608538814429595,0.00994867921944509,0.008907499817171696,0.01012633688791164,0.009524447782471003,0.00930999949610971,0.042584773393620774,0.043168739763683614,0.04315591717135646,0.04322698674309063,0.04322049203427837,0.043227523506817855,0.043229922104046886,0.043191118088323474,0.043163271001832995
80.41416666666667,0.12128314660789591,0.006932252218386121,0.6932,0.12,0.006932252218386121,0.009396816816510103,0.009800988863930554,0.009737850189914635,0.010193620679779927,0.009417600796421207,0.010024183429031584,0.007235416252058403,0.009412417005147528,0.0423538467757435,0.043145237191102206,0.04315530220289869,0.043226885646014776,0.04321878390364067,0.04322772655118093,0.04322980251265819,0.043191118088323474,0.043163271001832995,0.0431562421000115
80.41416666666667,0.12128314660789591,0.007494430740961078,0.7494,0.12,0.007494430740961078,0.00995841844558347,0.009098803632673685,0.010317094500162303,0.009237084099131413,0.009197361603562942,0.004209463395624696,0.008994542321831453,0.04167930177005875,0.04261618744302873,0.04311378049522923,0.04322689437659196,0.043218738432413605,0.04322772655118093,0.04322980251265819,0.043191118088323474,0.04316327051046627,0.043156249678549356,0.043126304240589344
80.41416666666667,0.12128314660789591,0.007420435324291985,0.742,0.12,0.007420435324291985,0.009731444241226763,0.009458788304267324,0.009641059899469565,0.006887079323672946,0.0016626579996682391,0.00869325323563004,0.04066102502544179,0.04150554657800117,0.042456098682679584,0.04318202534772065,0.043216541202407574,0.04322814410957319,0.04322980251265819,0.043191118088323474,0.04316327051046627,0.04315618284623258,0.04311519936804261,0.043122332900328235
80.41416666666667,0.12128314660789591,0.0033520649546219423,0.3352,0.12,0.0033520649546219423,0.026976832000072136,0.006716784106011188,0.009761439337636294,0.006960549878344966,0.00989369729529785,0.009525299557061323,0.01260658030916601,0.003485810605469248,0.025602599675021317,0.0421698681226159,0.043228568900302584,0.04323303983315122,0.04318972629430763,0.04316327051046627,0.04315618284623258,0.04311519936804261,0.04305363704245882,0.04220221117414184
80.41416666666667,0.12128314660789591,0.007762204507319844,0.7762,0.12,0.007762204507319844,0.009119373750973788,0.009977139281909022,0.009674588737346454,0.009202791529991228,0.010276157815134003,0.009666415541434105,0.006233318066683792,0.009273287655805217,0.03914803995741982,0.04298197635621436,0.04323365910200445,0.04318975340545899,0.043163288244312384,0.043157001880781413,0.0431152461711605,0.0430506082692664,0.04219931982986836,0.04217901834363744
80.41416666666667,0.12128314660789591,0.007837093500087633,0.7837,0.12,0.007837093500087633,0.008820086245261044,0.00986904235647566,0.009965359546562358,0.010011246622201387,0.008567963830542043,0.004218224220481635,0.008979391383286017,0.03833492820622523,0.042423687463870326,0.04319303360963219,0.043189808595037724,0.043163280194883025,0.04315364637445561,0.043113245014193655,0.0430506082692664,0.042199276954336465,0.04217901834363744,0.042154645258095556
80.41416666666667,0.12128314660789591,0.007292781855458233,0.7292,0.12,0.007292781855458233,0.009084033941567517,0.009506668130338167,0.012542839786994785,0.007163285826013452,0.0019269736401310916,0.008885432874697886,0.035742739784409894,0.040190402135520595,0.04192801786912708,0.043031975782374506,0.043153529348560433,0.04315364637445561,0.04303354522931564,0.043008413308652224,0.0421279962227704,0.04209531948304277,0.04224527038504451,0.04200869793107498
80.41416666666667,0.12128314660789591,0.009203940495861485,0.9203,0.12,0.009203940495861485,2.744459791560832e-12,0.04253572383892561,0.0001381783364292471,0.013191515925150962,0.01014446855675238,0.004322429706320685,0.009951680855259614,0.009391053263434375,0.027594613255689644,0.04192347389390697,0.0431536174849221,0.04298759192933486,0.04298476789066875,0.04216428358321564,0.04209540781696033,0.04224527535943947,0.04199927102453684,0.040981170655107875
80.41416666666667,0.12128314660789591,2.744459791560832e-12,0.0,0.12,2.744459791560832e-12,0.04246308204165974,0.0001325087066634188,0.011949194673849799,0.010013415254588902,0.0035484186921302904,0.007820078141596486,0.00912359581827335,0.026992173416876923,0.04180550104550471,0.04314535491669131,0.04298759192933486,0.04298476789066875,0.04216428358321564,0.04209540781696033,0.04224527535943947,0.04199927102453684,0.040981170655107875,0.0409757029961978
80.41416666666667,0.12128314660789591,0.009840637640666963,0.984,0.12,0.009840637640666963,0.0003923854970846738,0.014571226954722237,0.00932943303736286,0.005097693645474513,0.030205862717319516,0.002943085552400951,0.01075261888720789,0.00947953266647775,0.009634122760061266,0.04132463988267754,0.04298140325391252,0.04216428358321564,0.04209540953803562,0.042245197568763805,0.04199927102453684,0.040981170655107875,0.040975692123508635,0.040997102669409154
80.41416666666667,0.12128314660789591,0.0011834657060402053,0.1183,0.12,0.0011834657060402053,0.015034968406177462,0.009680715735063208,0.0034493404431326135,0.027644551518099362,0.0034017656747223107,0.011605134659513522,0.009764809012720118,0.0034750708709983106,0.040055164276299335,0.04284721773926177,0.04216428358321564,0.04209573542496261,0.042245210444963606,0.041998937469511465,0.040981170655107875,0.040975692123508635,0.04099710123943169,0.04099592916414937
